{
    "name": "root",
    "gauges": {
        "MoveToGoal.Policy.Entropy.mean": {
            "value": 0.7861614227294922,
            "min": 0.783413827419281,
            "max": 1.4100399017333984,
            "count": 50
        },
        "MoveToGoal.Policy.Entropy.sum": {
            "value": 7877.33740234375,
            "min": 7818.4697265625,
            "max": 14890.021484375,
            "count": 50
        },
        "MoveToGoal.Step.mean": {
            "value": 499976.0,
            "min": 9976.0,
            "max": 499976.0,
            "count": 50
        },
        "MoveToGoal.Step.sum": {
            "value": 499976.0,
            "min": 9976.0,
            "max": 499976.0,
            "count": 50
        },
        "MoveToGoal.Policy.ExtrinsicValueEstimate.mean": {
            "value": 0.0008628787472844124,
            "min": -0.22819507122039795,
            "max": 0.6852589249610901,
            "count": 50
        },
        "MoveToGoal.Policy.ExtrinsicValueEstimate.sum": {
            "value": 0.17430150508880615,
            "min": -44.49803924560547,
            "max": 131.56971740722656,
            "count": 50
        },
        "MoveToGoal.Losses.PolicyLoss.mean": {
            "value": 0.24650365714774042,
            "min": 0.23471753716757848,
            "max": 0.25189765369319683,
            "count": 50
        },
        "MoveToGoal.Losses.PolicyLoss.sum": {
            "value": 16.762248686046348,
            "min": 6.5354123172885235,
            "max": 18.607823509845073,
            "count": 50
        },
        "MoveToGoal.Losses.ValueLoss.mean": {
            "value": 1.2395148804950579e-06,
            "min": 1.1543642729199073e-06,
            "max": 0.06620348219560826,
            "count": 50
        },
        "MoveToGoal.Losses.ValueLoss.sum": {
            "value": 8.428701187366393e-05,
            "min": 7.787235078599827e-05,
            "max": 1.7212905370858147,
            "count": 50
        },
        "MoveToGoal.Policy.LearningRate.mean": {
            "value": 2.9890166507529404e-06,
            "min": 2.9890166507529404e-06,
            "max": 0.0002963498319859538,
            "count": 50
        },
        "MoveToGoal.Policy.LearningRate.sum": {
            "value": 0.00020325313225119995,
            "min": 0.00020325313225119995,
            "max": 0.018867790110737,
            "count": 50
        },
        "MoveToGoal.Policy.Epsilon.mean": {
            "value": 0.10099630588235296,
            "min": 0.10099630588235296,
            "max": 0.19878327692307696,
            "count": 50
        },
        "MoveToGoal.Policy.Epsilon.sum": {
            "value": 6.867748800000001,
            "min": 5.168365200000001,
            "max": 13.689263000000002,
            "count": 50
        },
        "MoveToGoal.Policy.Beta.mean": {
            "value": 0.0005,
            "min": 0.0005,
            "max": 0.0005000000000000001,
            "count": 50
        },
        "MoveToGoal.Policy.Beta.sum": {
            "value": 0.034,
            "min": 0.013000000000000001,
            "max": 0.037000000000000005,
            "count": 50
        },
        "MoveToGoal.Environment.EpisodeLength.mean": {
            "value": 199.0,
            "min": 180.42857142857142,
            "max": 199.0,
            "count": 50
        },
        "MoveToGoal.Environment.EpisodeLength.sum": {
            "value": 10348.0,
            "min": 8012.0,
            "max": 11095.0,
            "count": 50
        },
        "MoveToGoal.Environment.CumulativeReward.mean": {
            "value": 0.0,
            "min": -0.3,
            "max": 0.0,
            "count": 50
        },
        "MoveToGoal.Environment.CumulativeReward.sum": {
            "value": 0.0,
            "min": -15.0,
            "max": 0.0,
            "count": 50
        },
        "MoveToGoal.Policy.ExtrinsicReward.mean": {
            "value": 0.0,
            "min": -0.3,
            "max": 0.0,
            "count": 50
        },
        "MoveToGoal.Policy.ExtrinsicReward.sum": {
            "value": 0.0,
            "min": -15.0,
            "max": 0.0,
            "count": 50
        },
        "MoveToGoal.IsTraining.mean": {
            "value": 1.0,
            "min": 1.0,
            "max": 1.0,
            "count": 50
        },
        "MoveToGoal.IsTraining.sum": {
            "value": 1.0,
            "min": 1.0,
            "max": 1.0,
            "count": 50
        }
    },
    "metadata": {
        "timer_format_version": "0.1.0",
        "start_time_seconds": "1684933183",
        "python_version": "3.8.10 (tags/v3.8.10:3d8993a, May  3 2021, 11:48:03) [MSC v.1928 64 bit (AMD64)]",
        "command_line_arguments": "C:\\Users\\andre\\OneDrive\\Documents\\RL-Unity-Project\\venv\\Scripts\\mlagents-learn config/new_parameters.yaml --run-id=test11",
        "mlagents_version": "0.29.0",
        "mlagents_envs_version": "0.29.0",
        "communication_protocol_version": "1.5.0",
        "pytorch_version": "1.7.1+cu110",
        "numpy_version": "1.21.2",
        "end_time_seconds": "1684935288"
    },
    "total": 2104.9218373,
    "count": 1,
    "self": 0.009864599999673374,
    "children": {
        "run_training.setup": {
            "total": 0.1519809000000003,
            "count": 1,
            "self": 0.1519809000000003
        },
        "TrainerController.start_learning": {
            "total": 2104.7599918,
            "count": 1,
            "self": 0.5268887000006544,
            "children": {
                "TrainerController._reset_env": {
                    "total": 13.2231591,
                    "count": 1,
                    "self": 13.2231591
                },
                "TrainerController.advance": {
                    "total": 2090.974128499999,
                    "count": 26480,
                    "self": 0.47547329998678833,
                    "children": {
                        "env_step": {
                            "total": 263.18828350001377,
                            "count": 26480,
                            "self": 191.69818289998898,
                            "children": {
                                "SubprocessEnvManager._take_step": {
                                    "total": 71.1800271000023,
                                    "count": 26480,
                                    "self": 1.6637529000203415,
                                    "children": {
                                        "TorchPolicy.evaluate": {
                                            "total": 69.51627419998196,
                                            "count": 25030,
                                            "self": 28.652399899988325,
                                            "children": {
                                                "TorchPolicy.sample_actions": {
                                                    "total": 40.86387429999364,
                                                    "count": 25030,
                                                    "self": 40.86387429999364
                                                }
                                            }
                                        }
                                    }
                                },
                                "workers": {
                                    "total": 0.3100735000224901,
                                    "count": 26480,
                                    "self": 0.0,
                                    "children": {
                                        "worker_root": {
                                            "total": 2094.0043860000087,
                                            "count": 26480,
                                            "is_parallel": true,
                                            "self": 1938.593264300021,