{"count":1,"self":76.343193599999992,"total":370.7486235,"children":{"InitializeActuators":{"count":16,"self":0.0020099,"total":0.0020099,"children":null},"InitializeSensors":{"count":16,"self":0.00099899999999999989,"total":0.00099899999999999989,"children":null},"AgentSendState":{"count":156451,"self":0.5266923,"total":2.4374957999999998,"children":{"CollectObservations":{"count":500656,"self":0.2598496,"total":0.2598496,"children":null},"WriteActionMask":{"count":500656,"self":0.0342436,"total":0.0342436,"children":null},"RequestDecision":{"count":500656,"self":0.3920032,"total":1.6167102999999998,"children":{"AgentInfo.ToProto":{"count":500656,"self":0.41789149999999997,"total":1.2247071,"children":{"GenerateSensorData":{"count":500656,"self":0.8068156,"total":0.8068156,"children":null}}}}}}},"DecideAction":{"count":156451,"self":289.22682879999996,"total":289.2268219,"children":null},"AgentAct":{"count":156451,"self":2.7271436,"total":2.7306502,"children":{"AgentInfo.ToProto":{"count":143,"self":0,"total":0.0035064999999999996,"children":{"GenerateSensorData":{"count":143,"self":0.0035064999999999996,"total":0.0035064999999999996,"children":null}}}}},"AgentInfo.ToProto":{"count":360,"self":0.0021122,"total":0.006447,"children":{"GenerateSensorData":{"count":360,"self":0.0043348,"total":0.0043348,"children":null}}}},"gauges":{"MoveToGoal.CumulativeReward":{"count":503,"max":-0.141998783,"min":-14.0020638,"runningAverage":-4.708766,"value":-14.0020227,"weightedAverage":-14.0020218}},"metadata":{"timer_format_version":"0.1.0","start_time_seconds":"1684974983","unity_version":"2021.3.25f1","command_line_arguments":"C:\\Program Files\\Unity\\Hub\\Editor\\2021.3.25f1\\Editor\\Unity.exe -projectpath C:\\Users\\andre\\OneDrive\\Documents\\RL-Unity-Project -useHub -hubIPC -cloudEnvironment production -licensingIpc LicenseClient-andre -hubSessionId 5c28b56e-fe24-4f92-8fb3-c003d47a353e -accessToken 0XEBoJQy5qzCiSESXHclUiHYWY3ZTuf3MXYJWF0swEs004f","communication_protocol_version":"1.5.0","com.unity.ml-agents_version":"2.0.1","scene_name":"Env2","end_time_seconds":"1684975353"}}