{
    "name": "root",
    "gauges": {
        "MoveToGoal.Policy.Entropy.mean": {
            "value": 1.3630586862564087,
            "min": 1.3630586862564087,
            "max": 1.4143428802490234,
            "count": 10
        },
        "MoveToGoal.Policy.Entropy.sum": {
            "value": 68240.171875,
            "min": 68082.2421875,
            "max": 71396.03125,
            "count": 10
        },
        "MoveToGoal.Environment.EpisodeLength.mean": {
            "value": 512.9677419354839,
            "min": 318.8285714285714,
            "max": 676.5942028985507,
            "count": 10
        },
        "MoveToGoal.Environment.EpisodeLength.sum": {
            "value": 47706.0,
            "min": 44636.0,
            "max": 51925.0,
            "count": 10
        },
        "MoveToGoal.Step.mean": {
            "value": 499970.0,
            "min": 49984.0,
            "max": 499970.0,
            "count": 10
        },
        "MoveToGoal.Step.sum": {
            "value": 499970.0,
            "min": 49984.0,
            "max": 499970.0,
            "count": 10
        },
        "MoveToGoal.Policy.ExtrinsicValueEstimate.mean": {
            "value": -0.1614408642053604,
            "min": -0.1614408642053604,
            "max": 2.2660629749298096,
            "count": 10
        },
        "MoveToGoal.Policy.ExtrinsicValueEstimate.sum": {
            "value": -133.35015869140625,
            "min": -133.35015869140625,
            "max": 1939.75,
            "count": 10
        },
        "MoveToGoal.Environment.CumulativeReward.mean": {
            "value": -0.7956989247311828,
            "min": -0.944954128440367,
            "max": -0.6956521739130435,
            "count": 10
        },
        "MoveToGoal.Environment.CumulativeReward.sum": {
            "value": -74.0,
            "min": -130.0,
            "max": -48.0,
            "count": 10
        },
        "MoveToGoal.Policy.ExtrinsicReward.mean": {
            "value": -0.7956989247311828,
            "min": -0.944954128440367,
            "max": -0.6956521739130435,
            "count": 10
        },
        "MoveToGoal.Policy.ExtrinsicReward.sum": {
            "value": -74.0,
            "min": -130.0,
            "max": -48.0,
            "count": 10
        },
        "MoveToGoal.Losses.PolicyLoss.mean": {
            "value": 0.024282429387482502,
            "min": 0.021463781661974886,
            "max": 0.026725374243687837,
            "count": 10
        },
        "MoveToGoal.Losses.PolicyLoss.sum": {
            "value": 0.12141214693741251,
            "min": 0.10071476926095785,
            "max": 0.12566817592208585,
            "count": 10
        },
        "MoveToGoal.Losses.ValueLoss.mean": {
            "value": 0.0067453610617667446,
            "min": 0.006486776126548649,
            "max": 0.22810895908623935,
            "count": 10
        },
        "MoveToGoal.Losses.ValueLoss.sum": {
            "value": 0.03372680530883372,
            "min": 0.029782528383657334,
            "max": 0.9124358363449574,
            "count": 10
        },
        "MoveToGoal.Policy.LearningRate.mean": {
            "value": 1.6466374511240008e-05,
            "min": 1.6466374511240008e-05,
            "max": 0.0002845981551339499,
            "count": 10
        },
        "MoveToGoal.Policy.LearningRate.sum": {
            "value": 8.233187255620004e-05,
            "min": 8.233187255620004e-05,
            "max": 0.0012841884719371997,
            "count": 10
        },
        "MoveToGoal.Policy.Epsilon.mean": {
            "value": 0.10548876000000003,
            "min": 0.10548876000000003,
            "max": 0.19486604999999996,
            "count": 10
        },
        "MoveToGoal.Policy.Epsilon.sum": {
            "value": 0.5274438000000001,
            "min": 0.5000949999999998,
            "max": 0.9280628000000002,
            "count": 10
        },
        "MoveToGoal.Policy.Beta.mean": {
            "value": 0.0002838891240000002,
            "min": 0.0002838891240000002,
            "max": 0.0047438158950000005,
            "count": 10
        },
        "MoveToGoal.Policy.Beta.sum": {
            "value": 0.001419445620000001,
            "min": 0.001419445620000001,
            "max": 0.02141033372,
            "count": 10
        },
        "MoveToGoal.IsTraining.mean": {
            "value": 1.0,
            "min": 1.0,
            "max": 1.0,
            "count": 10
        },
        "MoveToGoal.IsTraining.sum": {
            "value": 1.0,
            "min": 1.0,
            "max": 1.0,
            "count": 10
        }
    },
    "metadata": {
        "timer_format_version": "0.1.0",
        "start_time_seconds": "1684944263",
        "python_version": "3.8.10 (tags/v3.8.10:3d8993a, May  3 2021, 11:48:03) [MSC v.1928 64 bit (AMD64)]",
        "command_line_arguments": "C:\\Users\\andre\\OneDrive\\Documents\\RL-Unity-Project\\venv\\Scripts\\mlagents-learn --run-id=test16",
        "mlagents_version": "0.29.0",
        "mlagents_envs_version": "0.29.0",
        "communication_protocol_version": "1.5.0",
        "pytorch_version": "1.7.1+cu110",
        "numpy_version": "1.21.2",
        "end_time_seconds": "1684944612"
    },
    "total": 348.3640071,
    "count": 1,
    "self": 0.005807099999969978,
    "children": {
        "run_training.setup": {
            "total": 0.03159769999999984,
            "count": 1,
            "self": 0.03159769999999984
        },
        "TrainerController.start_learning": {
            "total": 348.3266023,
            "count": 1,
            "self": 0.5627893999951539,
            "children": {
                "TrainerController._reset_env": {
                    "total": 8.5193291,
                    "count": 1,
                    "self": 8.5193291
                },
                "TrainerController.advance": {
                    "total": 339.2173047000049,
                    "count": 32019,
                    "self": 0.4789020000093842,
                    "children": {
                        "env_step": {
                            "total": 234.9544143999966,
                            "count": 32019,
                            "self": 162.75505469999547,
                            "children": {
                                "SubprocessEnvManager._take_step": {
                                    "total": 71.86020859999839,
                                    "count": 32019,
                                    "self": 1.7092190999964174,
                                    "children": {
                                        "TorchPolicy.evaluate": {
                                            "total": 70.15098950000197,
                                            "count": 31280,
                                            "self": 31.351146299999435,
                                            "children": {
                                                "TorchPolicy.sample_actions": {
                                                    "total": 38.799843200002535,
                                                    "count": 31280,
                                                    "self": 38.799843200002535
                                                }
                                            }
                                        }
                                    }
                                },
                                "workers": {
                                    "total": 0.3391511000027503,
                                    "count": 32019,
                                    "self": 0.0,
                                    "children": {
                                        "worker_root": {
                                            "total": 339.9956983000005,
                                            "count": 32019,
                                            "is_parallel": true,