{
    "name": "root",
    "gauges": {
        "MoveToGoal.Policy.Entropy.mean": {
            "value": 1.378167986869812,
            "min": 1.378167986869812,
            "max": 1.413962960243225,
            "count": 3
        },
        "MoveToGoal.Policy.Entropy.sum": {
            "value": 68908.3984375,
            "min": 68908.3984375,
            "max": 70924.3828125,
            "count": 3
        },
        "MoveToGoal.Environment.EpisodeLength.mean": {
            "value": 6.99376399104573,
            "min": 6.99376399104573,
            "max": 25.17801047120419,
            "count": 3
        },
        "MoveToGoal.Environment.EpisodeLength.sum": {
            "value": 43739.0,
            "min": 43739.0,
            "max": 48090.0,
            "count": 3
        },
        "MoveToGoal.Step.mean": {
            "value": 149999.0,
            "min": 49981.0,
            "max": 149999.0,
            "count": 3
        },
        "MoveToGoal.Step.sum": {
            "value": 149999.0,
            "min": 49981.0,
            "max": 149999.0,
            "count": 3
        },
        "MoveToGoal.Policy.ExtrinsicValueEstimate.mean": {
            "value": -1.1542365550994873,
            "min": -1.2702115774154663,
            "max": -1.1542365550994873,
            "count": 3
        },
        "MoveToGoal.Policy.ExtrinsicValueEstimate.sum": {
            "value": -7219.75,
            "min": -7219.75,
            "max": -2271.43896484375,
            "count": 3
        },
        "MoveToGoal.Environment.CumulativeReward.mean": {
            "value": -1.3497281625497637,
            "min": -2.2590884030833176,
            "max": -1.3497281625497637,
            "count": 3
        },
        "MoveToGoal.Environment.CumulativeReward.sum": {
            "value": -8442.549656748772,
            "min": -8442.549656748772,
            "max": -4312.5997614860535,
            "count": 3
        },
        "MoveToGoal.Policy.ExtrinsicReward.mean": {
            "value": -1.3497281625497637,
            "min": -2.2590884030833176,
            "max": -1.3497281625497637,
            "count": 3
        },
        "MoveToGoal.Policy.ExtrinsicReward.sum": {
            "value": -8442.549656748772,
            "min": -8442.549656748772,
            "max": -4312.5997614860535,
            "count": 3
        },
        "MoveToGoal.Losses.PolicyLoss.mean": {
            "value": 0.027372168001408383,
            "min": 0.025675797380972656,
            "max": 0.029345564846880733,
            "count": 3
        },
        "MoveToGoal.Losses.PolicyLoss.sum": {
            "value": 0.1368608400070419,
            "min": 0.10270318952389063,
            "max": 0.14672782423440367,
            "count": 3
        },
        "MoveToGoal.Losses.ValueLoss.mean": {
            "value": 0.0007366674789227544,
            "min": 0.0007366674789227544,
            "max": 0.0395200348381574,
            "count": 3
        },
        "MoveToGoal.Losses.ValueLoss.sum": {
            "value": 0.0036833373946137723,
            "min": 0.0036833373946137723,
            "max": 0.1580801393526296,
            "count": 3
        },
        "MoveToGoal.Policy.LearningRate.mean": {
            "value": 0.00022618802460399999,
            "min": 0.00022618802460399999,
            "max": 0.00028461210512929996,
            "count": 3
        },
        "MoveToGoal.Policy.LearningRate.sum": {
            "value": 0.00113094012302,
            "min": 0.00113094012302,
            "max": 0.0012846576717807999,
            "count": 3
        },
        "MoveToGoal.Policy.Epsilon.mean": {
            "value": 0.17539599999999997,
            "min": 0.17539599999999997,
            "max": 0.19487070000000004,
            "count": 3
        },
        "MoveToGoal.Policy.Epsilon.sum": {
            "value": 0.8769799999999999,
            "min": 0.7794828000000001,
            "max": 0.9282192000000001,
            "count": 3
        },
        "MoveToGoal.Policy.Beta.mean": {
            "value": 0.0037722604,
            "min": 0.0037722604,
            "max": 0.00474404793,
            "count": 3
        },
        "MoveToGoal.Policy.Beta.sum": {
            "value": 0.018861302,
            "min": 0.018861302,
            "max": 0.021418138080000003,
            "count": 3
        },
        "MoveToGoal.IsTraining.mean": {
            "value": 1.0,
            "min": 1.0,
            "max": 1.0,
            "count": 3
        },
        "MoveToGoal.IsTraining.sum": {
            "value": 1.0,
            "min": 1.0,
            "max": 1.0,
            "count": 3
        }
    },
    "metadata": {
        "timer_format_version": "0.1.0",
        "start_time_seconds": "1684976415",
        "python_version": "3.8.10 (tags/v3.8.10:3d8993a, May  3 2021, 11:48:03) [MSC v.1928 64 bit (AMD64)]",
        "command_line_arguments": "C:\\Users\\andre\\OneDrive\\Documents\\RL-Unity-Project\\venv\\Scripts\\mlagents-learn --run-id=test30",
        "mlagents_version": "0.29.0",
        "mlagents_envs_version": "0.29.0",
        "communication_protocol_version": "1.5.0",
        "pytorch_version": "1.7.1+cu110",
        "numpy_version": "1.21.2",
        "end_time_seconds": "1684976633"
    },
    "total": 217.6894996,
    "count": 1,
    "self": 0.006574400000005198,
    "children": {
        "run_training.setup": {
            "total": 0.03356120000000007,
            "count": 1,
            "self": 0.03356120000000007
        },
        "TrainerController.start_learning": {
            "total": 217.649364,
            "count": 1,
            "self": 0.37405140000055326,
            "children": {
                "TrainerController._reset_env": {
                    "total": 10.5338659,
                    "count": 1,
                    "self": 10.5338659
                },
                "TrainerController.advance": {
                    "total": 206.67621149999945,
                    "count": 20804,
                    "self": 0.3264373999993495,
                    "children": {
                        "env_step": {
                            "total": 130.5016455000006,
                            "count": 20804,
                            "self": 100.26654539999912,
                            "children": {
                                "SubprocessEnvManager._take_step": {
                                    "total": 30.014038700000782,
                                    "count": 20804,
                                    "self": 0.6355406000019528,
                                    "children": {
                                        "TorchPolicy.evaluate": {
                                            "total": 29.37849809999883,
                                            "count": 10544,
                                            "self": 15.871349899999062,
                                            "children": {
                                                "TorchPolicy.sample_actions": {
                                                    "total": 13.507148199999767,
                                                    "count": 10544,
                                                    "self": 13.507148199999767
                                                }
                                            }
                                        }
                                    }
                                },
                                "workers": {
                                    "total": 0.2210614000006963,
                                    "count": 20803,
                                    "self": 0.0,
                                    "children": {
                                        "worker_root": {
                                            "total": 187.09586960000024,
                                            "count": 20803,
                                            "is_parallel": true,