{
    "name": "root",
    "gauges": {
        "MoveToGoal.Policy.Entropy.mean": {
            "value": 1.3505139350891113,
            "min": 1.3505139350891113,
            "max": 1.4163097143173218,
            "count": 10
        },
        "MoveToGoal.Policy.Entropy.sum": {
            "value": 67590.5234375,
            "min": 67590.5234375,
            "max": 71449.9921875,
            "count": 10
        },
        "MoveToGoal.Environment.EpisodeLength.mean": {
            "value": 2999.0,
            "min": 105.55555555555556,
            "max": 2999.0,
            "count": 10
        },
        "MoveToGoal.Environment.EpisodeLength.sum": {
            "value": 50983.0,
            "min": 29631.0,
            "max": 68977.0,
            "count": 10
        },
        "MoveToGoal.Step.mean": {
            "value": 499995.0,
            "min": 49950.0,
            "max": 499995.0,
            "count": 10
        },
        "MoveToGoal.Step.sum": {
            "value": 499995.0,
            "min": 49950.0,
            "max": 499995.0,
            "count": 10
        },
        "MoveToGoal.Policy.ExtrinsicValueEstimate.mean": {
            "value": -0.4552716314792633,
            "min": -0.4555669128894806,
            "max": 1.6812431812286377,
            "count": 10
        },
        "MoveToGoal.Policy.ExtrinsicValueEstimate.sum": {
            "value": -356.9329528808594,
            "min": -356.9329528808594,
            "max": 1571.96240234375,
            "count": 10
        },
        "MoveToGoal.Environment.CumulativeReward.mean": {
            "value": -13.998412807198132,
            "min": -13.998556580808428,
            "max": -0.6454248171226651,
            "count": 10
        },
        "MoveToGoal.Environment.CumulativeReward.sum": {
            "value": -237.97301772236824,
            "min": -335.9610247015953,
            "max": -168.1550082564354,
            "count": 10
        },
        "MoveToGoal.Policy.ExtrinsicReward.mean": {
            "value": -13.998412807198132,
            "min": -13.998556580808428,
            "max": -0.6454248171226651,
            "count": 10
        },
        "MoveToGoal.Policy.ExtrinsicReward.sum": {
            "value": -237.97301772236824,
            "min": -335.9610247015953,
            "max": -168.1550082564354,
            "count": 10
        },
        "MoveToGoal.Losses.PolicyLoss.mean": {
            "value": 0.020074513874327148,
            "min": 0.020074513874327148,
            "max": 0.025366088505834338,
            "count": 10
        },
        "MoveToGoal.Losses.PolicyLoss.sum": {
            "value": 0.10037256937163573,
            "min": 0.09161398120534917,
            "max": 0.1268304425291717,
            "count": 10
        },
        "MoveToGoal.Losses.ValueLoss.mean": {
            "value": 0.0031159836900648465,
            "min": 0.002310897969970635,
            "max": 0.3904924077602725,
            "count": 10
        },
        "MoveToGoal.Losses.ValueLoss.sum": {
            "value": 0.015579918450324233,
            "min": 0.011196659580612807,
            "max": 1.56196963104109,
            "count": 10
        },
        "MoveToGoal.Policy.LearningRate.mean": {
            "value": 1.5823894725400005e-05,
            "min": 1.5823894725400005e-05,
            "max": 0.00028455975514675,
            "count": 10
        },
        "MoveToGoal.Policy.LearningRate.sum": {
            "value": 7.911947362700003e-05,
            "min": 7.911947362700003e-05,
            "max": 0.0012838956720347997,
            "count": 10
        },
        "MoveToGoal.Policy.Epsilon.mean": {
            "value": 0.10527460000000002,
            "min": 0.10527460000000002,
            "max": 0.19485325000000006,
            "count": 10
        },
        "MoveToGoal.Policy.Epsilon.sum": {
            "value": 0.5263730000000001,
            "min": 0.5263730000000001,
            "max": 0.9279651999999999,
            "count": 10
        },
        "MoveToGoal.Policy.Beta.mean": {
            "value": 0.00027320254,
            "min": 0.00027320254,
            "max": 0.004743177175,
            "count": 10
        },
        "MoveToGoal.Policy.Beta.sum": {
            "value": 0.0013660127,
            "min": 0.0013660127,
            "max": 0.021405463479999998,
            "count": 10
        },
        "MoveToGoal.IsTraining.mean": {
            "value": 1.0,
            "min": 1.0,
            "max": 1.0,
            "count": 10
        },
        "MoveToGoal.IsTraining.sum": {
            "value": 1.0,
            "min": 1.0,
            "max": 1.0,
            "count": 10
        }
    },
    "metadata": {
        "timer_format_version": "0.1.0",
        "start_time_seconds": "1684974976",
        "python_version": "3.8.10 (tags/v3.8.10:3d8993a, May  3 2021, 11:48:03) [MSC v.1928 64 bit (AMD64)]",
        "command_line_arguments": "C:\\Users\\andre\\OneDrive\\Documents\\RL-Unity-Project\\venv\\Scripts\\mlagents-learn --run-id=test27",
        "mlagents_version": "0.29.0",
        "mlagents_envs_version": "0.29.0",
        "communication_protocol_version": "1.5.0",
        "pytorch_version": "1.7.1+cu110",
        "numpy_version": "1.21.2",
        "end_time_seconds": "1684975353"
    },
    "total": 377.27796,
    "count": 1,
    "self": 0.005540300000006937,
    "children": {
        "run_training.setup": {
            "total": 0.03278359999999991,
            "count": 1,
            "self": 0.03278359999999991
        },
        "TrainerController.start_learning": {
            "total": 377.2396361,
            "count": 1,
            "self": 0.5951177999986612,
            "children": {
                "TrainerController._reset_env": {
                    "total": 8.3939169,
                    "count": 1,
                    "self": 8.3939169
                },
                "TrainerController.advance": {
                    "total": 368.22277440000136,
                    "count": 31659,
                    "self": 0.5398405999986267,
                    "children": {
                        "env_step": {
                            "total": 258.2170364000017,
                            "count": 31659,
                            "self": 178.91379599999783,
                            "children": {
                                "SubprocessEnvManager._take_step": {
                                    "total": 78.92826370000004,
                                    "count": 31659,
                                    "self": 1.863066499999249,
                                    "children": {
                                        "TorchPolicy.evaluate": {
                                            "total": 77.0651972000008,
                                            "count": 31289,
                                            "self": 37.36176200000467,
                                            "children": {
                                                "TorchPolicy.sample_actions": {
                                                    "total": 39.70343519999613,
                                                    "count": 31289,
                                                    "self": 39.70343519999613
                                                }
                                            }
                                        }
                                    }
                                },
                                "workers": {
                                    "total": 0.374976700003808,
                                    "count": 31659,
                                    "self": 0.0,
                                    "children": {
                                        "worker_root": {
                                            "total": 369.14751789999997,
                                            "count": 31659,
                                            "is_parallel": true,