{
    "name": "root",
    "gauges": {
        "MoveToGoal.Policy.Entropy.mean": {
            "value": 1.3244765996932983,
            "min": 1.3244765996932983,
            "max": 1.410756230354309,
            "count": 10
        },
        "MoveToGoal.Policy.Entropy.sum": {
            "value": 66287.40625,
            "min": 66287.40625,
            "max": 70740.9609375,
            "count": 10
        },
        "MoveToGoal.Environment.EpisodeLength.mean": {
            "value": 2999.0,
            "min": 21.72772727272727,
            "max": 2999.0,
            "count": 10
        },
        "MoveToGoal.Environment.EpisodeLength.sum": {
            "value": 53982.0,
            "min": 11342.0,
            "max": 62979.0,
            "count": 10
        },
        "MoveToGoal.Step.mean": {
            "value": 499969.0,
            "min": 49984.0,
            "max": 499969.0,
            "count": 10
        },
        "MoveToGoal.Step.sum": {
            "value": 499969.0,
            "min": 49984.0,
            "max": 499969.0,
            "count": 10
        },
        "MoveToGoal.Policy.ExtrinsicValueEstimate.mean": {
            "value": -0.4684467613697052,
            "min": -1.7159010171890259,
            "max": -0.4684467613697052,
            "count": 10
        },
        "MoveToGoal.Policy.ExtrinsicValueEstimate.sum": {
            "value": -367.26226806640625,
            "min": -3817.879638671875,
            "max": -367.26226806640625,
            "count": 10
        },
        "MoveToGoal.Environment.CumulativeReward.mean": {
            "value": -13.998667707045874,
            "min": -13.998824577121173,
            "max": -1.1086516651092415,
            "count": 10
        },
        "MoveToGoal.Environment.CumulativeReward.sum": {
            "value": -251.9760187268257,
            "min": -2437.925011575222,
            "max": -125.11500293016434,
            "count": 10
        },
        "MoveToGoal.Policy.ExtrinsicReward.mean": {
            "value": -13.998667707045874,
            "min": -13.998824577121173,
            "max": -1.1086516651092415,
            "count": 10
        },
        "MoveToGoal.Policy.ExtrinsicReward.sum": {
            "value": -251.9760187268257,
            "min": -2437.925011575222,
            "max": -125.11500293016434,
            "count": 10
        },
        "MoveToGoal.Losses.PolicyLoss.mean": {
            "value": 0.024923517617086572,
            "min": 0.022191647375002503,
            "max": 0.02535186638124287,
            "count": 10
        },
        "MoveToGoal.Losses.PolicyLoss.sum": {
            "value": 0.12461758808543286,
            "min": 0.09140003549400717,
            "max": 0.12675933190621436,
            "count": 10
        },
        "MoveToGoal.Losses.ValueLoss.mean": {
            "value": 0.002585137843974129,
            "min": 0.0018841571779921649,
            "max": 0.17798964279548576,
            "count": 10
        },
        "MoveToGoal.Losses.ValueLoss.sum": {
            "value": 0.012925689219870645,
            "min": 0.009420785889960825,
            "max": 0.7119585711819431,
            "count": 10
        },
        "MoveToGoal.Policy.LearningRate.mean": {
            "value": 1.5922054692680002e-05,
            "min": 1.5922054692680002e-05,
            "max": 0.0002846001051333,
            "count": 10
        },
        "MoveToGoal.Policy.LearningRate.sum": {
            "value": 7.961027346340001e-05,
            "min": 7.961027346340001e-05,
            "max": 0.0012845742718085998,
            "count": 10
        },
        "MoveToGoal.Policy.Epsilon.mean": {
            "value": 0.10530732000000002,
            "min": 0.10530732000000002,
            "max": 0.1948667,
            "count": 10
        },
        "MoveToGoal.Policy.Epsilon.sum": {
            "value": 0.5265366000000001,
            "min": 0.49958320000000006,
            "max": 0.9281913999999997,
            "count": 10
        },
        "MoveToGoal.Policy.Beta.mean": {
            "value": 0.0002748352679999999,
            "min": 0.0002748352679999999,
            "max": 0.00474384833,
            "count": 10
        },
        "MoveToGoal.Policy.Beta.sum": {
            "value": 0.0013741763399999997,
            "min": 0.0013741763399999997,
            "max": 0.02141675086,
            "count": 10
        },
        "MoveToGoal.IsTraining.mean": {
            "value": 1.0,
            "min": 1.0,
            "max": 1.0,
            "count": 10
        },
        "MoveToGoal.IsTraining.sum": {
            "value": 1.0,
            "min": 1.0,
            "max": 1.0,
            "count": 10
        }
    },
    "metadata": {
        "timer_format_version": "0.1.0",
        "start_time_seconds": "1684974510",
        "python_version": "3.8.10 (tags/v3.8.10:3d8993a, May  3 2021, 11:48:03) [MSC v.1928 64 bit (AMD64)]",
        "command_line_arguments": "C:\\Users\\andre\\OneDrive\\Documents\\RL-Unity-Project\\venv\\Scripts\\mlagents-learn --run-id=test26",
        "mlagents_version": "0.29.0",
        "mlagents_envs_version": "0.29.0",
        "communication_protocol_version": "1.5.0",
        "pytorch_version": "1.7.1+cu110",
        "numpy_version": "1.21.2",
        "end_time_seconds": "1684974885"
    },
    "total": 374.2324514,
    "count": 1,
    "self": 0.006289500000036696,
    "children": {
        "run_training.setup": {
            "total": 0.03283270000000016,
            "count": 1,
            "self": 0.03283270000000016
        },
        "TrainerController.start_learning": {
            "total": 374.1933292,
            "count": 1,
            "self": 0.5920281000012437,
            "children": {
                "TrainerController._reset_env": {
                    "total": 7.3267779,
                    "count": 1,
                    "self": 7.3267779
                },
                "TrainerController.advance": {
                    "total": 366.24583679999876,
                    "count": 34323,
                    "self": 0.5249930999980279,
                    "children": {
                        "env_step": {
                            "total": 251.4312317999987,
                            "count": 34323,
                            "self": 175.6089610000007,
                            "children": {
                                "SubprocessEnvManager._take_step": {
                                    "total": 75.44316399999764,
                                    "count": 34323,
                                    "self": 1.7123418999963462,
                                    "children": {
                                        "TorchPolicy.evaluate": {
                                            "total": 73.73082210000129,
                                            "count": 31285,
                                            "self": 33.146194800000266,
                                            "children": {
                                                "TorchPolicy.sample_actions": {
                                                    "total": 40.584627300001024,
                                                    "count": 31285,
                                                    "self": 40.584627300001024
                                                }
                                            }
                                        }
                                    }
                                },
                                "workers": {
                                    "total": 0.3791068000003719,
                                    "count": 34323,
                                    "self": 0.0,
                                    "children": {
                                        "worker_root": {
                                            "total": 367.09597489999715,
                                            "count": 34323,
                                            "is_parallel": true,