{
    "name": "root",
    "gauges": {
        "MoveToGoal.Policy.Entropy.mean": {
            "value": 1.2841861248016357,
            "min": 1.2841861248016357,
            "max": 1.4108898639678955,
            "count": 10
        },
        "MoveToGoal.Policy.Entropy.sum": {
            "value": 64476.41796875,
            "min": 64290.546875,
            "max": 71334.59375,
            "count": 10
        },
        "MoveToGoal.Environment.EpisodeLength.mean": {
            "value": 1999.0,
            "min": 27.27228623408126,
            "max": 1999.0,
            "count": 10
        },
        "MoveToGoal.Environment.EpisodeLength.sum": {
            "value": 59970.0,
            "min": 35982.0,
            "max": 61969.0,
            "count": 10
        },
        "MoveToGoal.Step.mean": {
            "value": 499976.0,
            "min": 49949.0,
            "max": 499976.0,
            "count": 10
        },
        "MoveToGoal.Step.sum": {
            "value": 499976.0,
            "min": 49949.0,
            "max": 499976.0,
            "count": 10
        },
        "MoveToGoal.Policy.ExtrinsicValueEstimate.mean": {
            "value": -0.0045610941015183926,
            "min": -1.0157744884490967,
            "max": -0.0045610941015183926,
            "count": 10
        },
        "MoveToGoal.Policy.ExtrinsicValueEstimate.sum": {
            "value": -3.6671195030212402,
            "min": -1888.32470703125,
            "max": -3.6671195030212402,
            "count": 10
        },
        "MoveToGoal.Environment.CumulativeReward.mean": {
            "value": 0.0,
            "min": -1.0,
            "max": 0.0,
            "count": 10
        },
        "MoveToGoal.Environment.CumulativeReward.sum": {
            "value": 0.0,
            "min": -1649.0,
            "max": 0.0,
            "count": 10
        },
        "MoveToGoal.Policy.ExtrinsicReward.mean": {
            "value": 0.0,
            "min": -1.0,
            "max": 0.0,
            "count": 10
        },
        "MoveToGoal.Policy.ExtrinsicReward.sum": {
            "value": 0.0,
            "min": -1649.0,
            "max": 0.0,
            "count": 10
        },
        "MoveToGoal.Losses.PolicyLoss.mean": {
            "value": 0.02344257734560718,
            "min": 0.022061301724364362,
            "max": 0.02737877591668318,
            "count": 10
        },
        "MoveToGoal.Losses.PolicyLoss.sum": {
            "value": 0.1172128867280359,
            "min": 0.10327750031525891,
            "max": 0.12260580093134195,
            "count": 10
        },
        "MoveToGoal.Losses.ValueLoss.mean": {
            "value": 5.7037082903358785e-06,
            "min": 5.7037082903358785e-06,
            "max": 0.01321628330818688,
            "count": 10
        },
        "MoveToGoal.Losses.ValueLoss.sum": {
            "value": 2.851854145167939e-05,
            "min": 2.851854145167939e-05,
            "max": 0.05286513323274752,
            "count": 10
        },
        "MoveToGoal.Policy.LearningRate.mean": {
            "value": 1.6132894622400002e-05,
            "min": 1.6132894622400002e-05,
            "max": 0.00028461180512939993,
            "count": 10
        },
        "MoveToGoal.Policy.LearningRate.sum": {
            "value": 8.066447311200002e-05,
            "min": 8.066447311200002e-05,
            "max": 0.0012842850719049998,
            "count": 10
        },
        "MoveToGoal.Policy.Epsilon.mean": {
            "value": 0.1053776,
            "min": 0.1053776,
            "max": 0.1948706,
            "count": 10
        },
        "MoveToGoal.Policy.Epsilon.sum": {
            "value": 0.526888,
            "min": 0.4997216000000001,
            "max": 0.9280949999999998,
            "count": 10
        },
        "MoveToGoal.Policy.Beta.mean": {
            "value": 0.00027834224,
            "min": 0.00027834224,
            "max": 0.00474404294,
            "count": 10
        },
        "MoveToGoal.Policy.Beta.sum": {
            "value": 0.0013917112000000002,
            "min": 0.0013917112000000002,
            "max": 0.021411940499999997,
            "count": 10
        },
        "MoveToGoal.IsTraining.mean": {
            "value": 1.0,
            "min": 1.0,
            "max": 1.0,
            "count": 10
        },
        "MoveToGoal.IsTraining.sum": {
            "value": 1.0,
            "min": 1.0,
            "max": 1.0,
            "count": 10
        }
    },
    "metadata": {
        "timer_format_version": "0.1.0",
        "start_time_seconds": "1684969148",
        "python_version": "3.8.10 (tags/v3.8.10:3d8993a, May  3 2021, 11:48:03) [MSC v.1928 64 bit (AMD64)]",
        "command_line_arguments": "C:\\Users\\andre\\OneDrive\\Documents\\RL-Unity-Project\\venv\\Scripts\\mlagents-learn --run-id=test20",
        "mlagents_version": "0.29.0",
        "mlagents_envs_version": "0.29.0",
        "communication_protocol_version": "1.5.0",
        "pytorch_version": "1.7.1+cu110",
        "numpy_version": "1.21.2",
        "end_time_seconds": "1684969508"
    },
    "total": 359.9014139,
    "count": 1,
    "self": 0.006357200000024932,
    "children": {
        "run_training.setup": {
            "total": 0.03177390000000013,
            "count": 1,
            "self": 0.03177390000000013
        },
        "TrainerController.start_learning": {
            "total": 359.8632828,
            "count": 1,
            "self": 0.5740300000033471,
            "children": {
                "TrainerController._reset_env": {
                    "total": 8.0766192,
                    "count": 1,
                    "self": 8.0766192
                },
                "TrainerController.advance": {
                    "total": 351.1839358999967,
                    "count": 32664,
                    "self": 0.4754945000048565,
                    "children": {
                        "env_step": {
                            "total": 243.109436299992,
                            "count": 32664,
                            "self": 168.98234359998526,
                            "children": {
                                "SubprocessEnvManager._take_step": {
                                    "total": 73.7745969000056,
                                    "count": 32664,
                                    "self": 1.652954500008832,
                                    "children": {
                                        "TorchPolicy.evaluate": {
                                            "total": 72.12164239999677,
                                            "count": 31288,
                                            "self": 32.516707199992524,
                                            "children": {
                                                "TorchPolicy.sample_actions": {
                                                    "total": 39.60493520000425,
                                                    "count": 31288,
                                                    "self": 39.60493520000425
                                                }
                                            }
                                        }
                                    }
                                },
                                "workers": {
                                    "total": 0.3524958000011491,
                                    "count": 32664,
                                    "self": 0.0,
                                    "children": {
                                        "worker_root": {
                                            "total": 353.2541692000003,
                                            "count": 32664,
                                            "is_parallel": true,
                                            "self": 219.81654989999825,