{
    "name": "root",
    "gauges": {
        "MoveToGoal.Policy.Entropy.mean": {
            "value": 1.4204381704330444,
            "min": 1.4204381704330444,
            "max": 1.4204381704330444,
            "count": 1
        },
        "MoveToGoal.Policy.Entropy.sum": {
            "value": 71635.5390625,
            "min": 71635.5390625,
            "max": 71635.5390625,
            "count": 1
        },
        "MoveToGoal.Step.mean": {
            "value": 49979.0,
            "min": 49979.0,
            "max": 49979.0,
            "count": 1
        },
        "MoveToGoal.Step.sum": {
            "value": 49979.0,
            "min": 49979.0,
            "max": 49979.0,
            "count": 1
        },
        "MoveToGoal.Policy.ExtrinsicValueEstimate.mean": {
            "value": -0.49583300948143005,
            "min": -0.49583300948143005,
            "max": -0.49583300948143005,
            "count": 1
        },
        "MoveToGoal.Policy.ExtrinsicValueEstimate.sum": {
            "value": -395.67474365234375,
            "min": -395.67474365234375,
            "max": -395.67474365234375,
            "count": 1
        },
        "MoveToGoal.Environment.EpisodeLength.mean": {
            "value": 1285.2333333333333,
            "min": 1285.2333333333333,
            "max": 1285.2333333333333,
            "count": 1
        },
        "MoveToGoal.Environment.EpisodeLength.sum": {
            "value": 38557.0,
            "min": 38557.0,
            "max": 38557.0,
            "count": 1
        },
        "MoveToGoal.Environment.CumulativeReward.mean": {
            "value": 47.8,
            "min": 47.8,
            "max": 47.8,
            "count": 1
        },
        "MoveToGoal.Environment.CumulativeReward.sum": {
            "value": 1434.0,
            "min": 1434.0,
            "max": 1434.0,
            "count": 1
        },
        "MoveToGoal.Policy.ExtrinsicReward.mean": {
            "value": 47.8,
            "min": 47.8,
            "max": 47.8,
            "count": 1
        },
        "MoveToGoal.Policy.ExtrinsicReward.sum": {
            "value": 1434.0,
            "min": 1434.0,
            "max": 1434.0,
            "count": 1
        },
        "MoveToGoal.Losses.PolicyLoss.mean": {
            "value": 0.024017608270514756,
            "min": 0.024017608270514756,
            "max": 0.024017608270514756,
            "count": 1
        },
        "MoveToGoal.Losses.PolicyLoss.sum": {
            "value": 0.09607043308205902,
            "min": 0.09607043308205902,
            "max": 0.09607043308205902,
            "count": 1
        },
        "MoveToGoal.Losses.ValueLoss.mean": {
            "value": 0.4798297909398873,
            "min": 0.4798297909398873,
            "max": 0.4798297909398873,
            "count": 1
        },
        "MoveToGoal.Losses.ValueLoss.sum": {
            "value": 1.9193191637595493,
            "min": 1.9193191637595493,
            "max": 1.9193191637595493,
            "count": 1
        },
        "MoveToGoal.Policy.LearningRate.mean": {
            "value": 0.00028457700514100004,
            "min": 0.00028457700514100004,
            "max": 0.00028457700514100004,
            "count": 1
        },
        "MoveToGoal.Policy.LearningRate.sum": {
            "value": 0.0011383080205640001,
            "min": 0.0011383080205640001,
            "max": 0.0011383080205640001,
            "count": 1
        },
        "MoveToGoal.Policy.Epsilon.mean": {
            "value": 0.194859,
            "min": 0.194859,
            "max": 0.194859,
            "count": 1
        },
        "MoveToGoal.Policy.Epsilon.sum": {
            "value": 0.779436,
            "min": 0.779436,
            "max": 0.779436,
            "count": 1
        },
        "MoveToGoal.Policy.Beta.mean": {
            "value": 0.004743464100000001,
            "min": 0.004743464100000001,
            "max": 0.004743464100000001,
            "count": 1
        },
        "MoveToGoal.Policy.Beta.sum": {
            "value": 0.018973856400000003,
            "min": 0.018973856400000003,
            "max": 0.018973856400000003,
            "count": 1
        },
        "MoveToGoal.IsTraining.mean": {
            "value": 1.0,
            "min": 1.0,
            "max": 1.0,
            "count": 1
        },
        "MoveToGoal.IsTraining.sum": {
            "value": 1.0,
            "min": 1.0,
            "max": 1.0,
            "count": 1
        }
    },
    "metadata": {
        "timer_format_version": "0.1.0",
        "start_time_seconds": "1684969605",
        "python_version": "3.8.10 (tags/v3.8.10:3d8993a, May  3 2021, 11:48:03) [MSC v.1928 64 bit (AMD64)]",
        "command_line_arguments": "C:\\Users\\andre\\OneDrive\\Documents\\RL-Unity-Project\\venv\\Scripts\\mlagents-learn --run-id=test21",
        "mlagents_version": "0.29.0",
        "mlagents_envs_version": "0.29.0",
        "communication_protocol_version": "1.5.0",
        "pytorch_version": "1.7.1+cu110",
        "numpy_version": "1.21.2",
        "end_time_seconds": "1684969712"
    },
    "total": 106.50326390000001,
    "count": 1,
    "self": 0.0040484000000020615,
    "children": {
        "run_training.setup": {
            "total": 0.031907200000000024,
            "count": 1,
            "self": 0.031907200000000024
        },
        "TrainerController.start_learning": {
            "total": 106.4673083,
            "count": 1,
            "self": 0.05911449999999263,
            "children": {
                "TrainerController._reset_env": {
                    "total": 6.0333638,
                    "count": 1,
                    "self": 6.0333638
                },
                "TrainerController.advance": {
                    "total": 100.32527160000001,
                    "count": 3529,
                    "self": 0.05178440000010198,
                    "children": {
                        "env_step": {
                            "total": 89.49698759999973,
                            "count": 3529,
                            "self": 80.89276189999968,
                            "children": {
                                "SubprocessEnvManager._take_step": {
                                    "total": 8.566943799999942,
                                    "count": 3529,
                                    "self": 0.1881755000000762,
                                    "children": {
                                        "TorchPolicy.evaluate": {
                                            "total": 8.378768299999866,
                                            "count": 3507,
                                            "self": 3.3807232999998655,
                                            "children": {
                                                "TorchPolicy.sample_actions": {
                                                    "total": 4.998045,
                                                    "count": 3507,
                                                    "self": 4.998045
                                                }
                                            }
                                        }
                                    }
                                },
                                "workers": {
                                    "total": 0.03728190000009679,
                                    "count": 3528,
                                    "self": 0.0,
                                    "children": {
                                        "worker_root": {
                                            "total": 39.93834660000011,
                                            "count": 3528,
                                            "is_parallel": true,
                                            "self": 24.294706300000094,