{
    "name": "root",
    "gauges": {
        "MoveToGoal.Policy.Entropy.mean": {
            "value": 1.3721485137939453,
            "min": 1.3721485137939453,
            "max": 1.4169940948486328,
            "count": 3
        },
        "MoveToGoal.Policy.Entropy.sum": {
            "value": 68717.1953125,
            "min": 68717.1953125,
            "max": 71393.828125,
            "count": 3
        },
        "MoveToGoal.Environment.EpisodeLength.mean": {
            "value": 199.0,
            "min": 98.16532258064517,
            "max": 199.0,
            "count": 3
        },
        "MoveToGoal.Environment.EpisodeLength.sum": {
            "value": 50347.0,
            "min": 48690.0,
            "max": 50347.0,
            "count": 3
        },
        "MoveToGoal.Step.mean": {
            "value": 149969.0,
            "min": 49954.0,
            "max": 149969.0,
            "count": 3
        },
        "MoveToGoal.Step.sum": {
            "value": 149969.0,
            "min": 49954.0,
            "max": 149969.0,
            "count": 3
        },
        "MoveToGoal.Policy.ExtrinsicValueEstimate.mean": {
            "value": -0.535443902015686,
            "min": -0.6559098958969116,
            "max": -0.535443902015686,
            "count": 3
        },
        "MoveToGoal.Policy.ExtrinsicValueEstimate.sum": {
            "value": -537.0502319335938,
            "min": -689.361328125,
            "max": -537.0502319335938,
            "count": 3
        },
        "MoveToGoal.Environment.CumulativeReward.mean": {
            "value": -0.9983083707806857,
            "min": -1.301949616228681,
            "max": -0.9983083707806857,
            "count": 3
        },
        "MoveToGoal.Environment.CumulativeReward.sum": {
            "value": -252.57201780751348,
            "min": -645.7670096494257,
            "max": -247.01301735267043,
            "count": 3
        },
        "MoveToGoal.Policy.ExtrinsicReward.mean": {
            "value": -0.9983083707806857,
            "min": -1.301949616228681,
            "max": -0.9983083707806857,
            "count": 3
        },
        "MoveToGoal.Policy.ExtrinsicReward.sum": {
            "value": -252.57201780751348,
            "min": -645.7670096494257,
            "max": -247.01301735267043,
            "count": 3
        },
        "MoveToGoal.Losses.PolicyLoss.mean": {
            "value": 0.025543345486124358,
            "min": 0.02417840180763354,
            "max": 0.02555257016404842,
            "count": 3
        },
        "MoveToGoal.Losses.PolicyLoss.sum": {
            "value": 0.1277167274306218,
            "min": 0.10221028065619368,
            "max": 0.1277167274306218,
            "count": 3
        },
        "MoveToGoal.Losses.ValueLoss.mean": {
            "value": 3.5565454915437544e-05,
            "min": 3.5565454915437544e-05,
            "max": 0.021716697817707124,
            "count": 3
        },
        "MoveToGoal.Losses.ValueLoss.sum": {
            "value": 0.0001778272745771877,
            "min": 0.0001778272745771877,
            "max": 0.0868667912708285,
            "count": 3
        },
        "MoveToGoal.Policy.LearningRate.mean": {
            "value": 0.00022602566465812,
            "min": 0.00022602566465812,
            "max": 0.00028457325514225003,
            "count": 3
        },
        "MoveToGoal.Policy.LearningRate.sum": {
            "value": 0.0011301283232906,
            "min": 0.0011301283232906,
            "max": 0.0012841404719531996,
            "count": 3
        },
        "MoveToGoal.Policy.Epsilon.mean": {
            "value": 0.17534188,
            "min": 0.17534188,
            "max": 0.19485775,
            "count": 3
        },
        "MoveToGoal.Policy.Epsilon.sum": {
            "value": 0.8767094,
            "min": 0.779431,
            "max": 0.9280468,
            "count": 3
        },
        "MoveToGoal.Policy.Beta.mean": {
            "value": 0.0037695598120000007,
            "min": 0.0037695598120000007,
            "max": 0.004743401724999999,
            "count": 3
        },
        "MoveToGoal.Policy.Beta.sum": {
            "value": 0.018847799060000003,
            "min": 0.018847799060000003,
            "max": 0.02140953532,
            "count": 3
        },
        "MoveToGoal.IsTraining.mean": {
            "value": 1.0,
            "min": 1.0,
            "max": 1.0,
            "count": 3
        },
        "MoveToGoal.IsTraining.sum": {
            "value": 1.0,
            "min": 1.0,
            "max": 1.0,
            "count": 3
        }
    },
    "metadata": {
        "timer_format_version": "0.1.0",
        "start_time_seconds": "1684976198",
        "python_version": "3.8.10 (tags/v3.8.10:3d8993a, May  3 2021, 11:48:03) [MSC v.1928 64 bit (AMD64)]",
        "command_line_arguments": "C:\\Users\\andre\\OneDrive\\Documents\\RL-Unity-Project\\venv\\Scripts\\mlagents-learn --run-id=test29",
        "mlagents_version": "0.29.0",
        "mlagents_envs_version": "0.29.0",
        "communication_protocol_version": "1.5.0",
        "pytorch_version": "1.7.1+cu110",
        "numpy_version": "1.21.2",
        "end_time_seconds": "1684976410"
    },
    "total": 211.6464208,
    "count": 1,
    "self": 0.004470399999974006,
    "children": {
        "run_training.setup": {
            "total": 0.032594800000000035,
            "count": 1,
            "self": 0.032594800000000035
        },
        "TrainerController.start_learning": {
            "total": 211.60935560000001,
            "count": 1,
            "self": 0.2239380000000608,
            "children": {
                "TrainerController._reset_env": {
                    "total": 7.5725118,
                    "count": 1,
                    "self": 7.5725118
                },
                "TrainerController.advance": {
                    "total": 203.74656509999994,
                    "count": 12161,
                    "self": 0.19391329999945128,
                    "children": {
                        "env_step": {
                            "total": 161.5220268000011,
                            "count": 12161,
                            "self": 126.92641560000024,
                            "children": {
                                "SubprocessEnvManager._take_step": {
                                    "total": 34.45540520000047,
                                    "count": 12161,
                                    "self": 0.6831238000004447,
                                    "children": {
                                        "TorchPolicy.evaluate": {
                                            "total": 33.772281400000026,
                                            "count": 11364,
                                            "self": 18.982653800000165,
                                            "children": {
                                                "TorchPolicy.sample_actions": {
                                                    "total": 14.789627599999863,
                                                    "count": 11364,
                                                    "self": 14.789627599999863
                                                }
                                            }
                                        }
                                    }
                                },
                                "workers": {
                                    "total": 0.1402060000003864,
                                    "count": 12160,
                                    "self": 0.0,
                                    "children": {
                                        "worker_root": {
                                            "total": 143.93506920000075,
                                            "count": 12160,
                                            "is_parallel": true,
                                            "self": 92.13003920000128,