{
    "name": "root",
    "gauges": {
        "MoveToGoal.Policy.Entropy.mean": {
            "value": 1.3513025045394897,
            "min": 1.3513025045394897,
            "max": 1.4163259267807007,
            "count": 10
        },
        "MoveToGoal.Policy.Entropy.sum": {
            "value": 67781.3359375,
            "min": 67470.6171875,
            "max": 71609.4375,
            "count": 10
        },
        "MoveToGoal.Environment.EpisodeLength.mean": {
            "value": 1999.0,
            "min": 167.74157303370785,
            "max": 1999.0,
            "count": 10
        },
        "MoveToGoal.Environment.EpisodeLength.sum": {
            "value": 33983.0,
            "min": 29858.0,
            "max": 63968.0,
            "count": 10
        },
        "MoveToGoal.Step.mean": {
            "value": 499988.0,
            "min": 49940.0,
            "max": 499988.0,
            "count": 10
        },
        "MoveToGoal.Step.sum": {
            "value": 499988.0,
            "min": 49940.0,
            "max": 499988.0,
            "count": 10
        },
        "MoveToGoal.Policy.ExtrinsicValueEstimate.mean": {
            "value": -0.4345541000366211,
            "min": -0.4345541000366211,
            "max": 2.2280704975128174,
            "count": 10
        },
        "MoveToGoal.Policy.ExtrinsicValueEstimate.sum": {
            "value": -345.03594970703125,
            "min": -345.03594970703125,
            "max": 1938.42138671875,
            "count": 10
        },
        "MoveToGoal.Environment.CumulativeReward.mean": {
            "value": -8.998530092046542,
            "min": -8.998565886979518,
            "max": -0.990393264574951,
            "count": 10
        },
        "MoveToGoal.Environment.CumulativeReward.sum": {
            "value": -152.9750115647912,
            "min": -287.9520217627287,
            "max": -152.9750115647912,
            "count": 10
        },
        "MoveToGoal.Policy.ExtrinsicReward.mean": {
            "value": -8.998530092046542,
            "min": -8.998565886979518,
            "max": -0.990393264574951,
            "count": 10
        },
        "MoveToGoal.Policy.ExtrinsicReward.sum": {
            "value": -152.9750115647912,
            "min": -287.9520217627287,
            "max": -152.9750115647912,
            "count": 10
        },
        "MoveToGoal.Losses.PolicyLoss.mean": {
            "value": 0.025289405630901457,
            "min": 0.020935426179009176,
            "max": 0.026474189209208514,
            "count": 10
        },
        "MoveToGoal.Losses.PolicyLoss.sum": {
            "value": 0.12644702815450728,
            "min": 0.09675674708560109,
            "max": 0.12644702815450728,
            "count": 10
        },
        "MoveToGoal.Losses.ValueLoss.mean": {
            "value": 0.00451251369001208,
            "min": 0.0028736947530705946,
            "max": 0.3721919596816103,
            "count": 10
        },
        "MoveToGoal.Losses.ValueLoss.sum": {
            "value": 0.0225625684500604,
            "min": 0.014368473765352973,
            "max": 1.4887678387264411,
            "count": 10
        },
        "MoveToGoal.Policy.LearningRate.mean": {
            "value": 1.635225454928e-05,
            "min": 1.635225454928e-05,
            "max": 0.00028458795513735006,
            "count": 10
        },
        "MoveToGoal.Policy.LearningRate.sum": {
            "value": 8.17612727464e-05,
            "min": 8.17612727464e-05,
            "max": 0.0012840936719688,
            "count": 10
        },
        "MoveToGoal.Policy.Epsilon.mean": {
            "value": 0.10545072000000003,
            "min": 0.10545072000000003,
            "max": 0.19486265000000005,
            "count": 10
        },
        "MoveToGoal.Policy.Epsilon.sum": {
            "value": 0.5272536000000001,
            "min": 0.4998464000000001,
            "max": 0.9280312,
            "count": 10
        },
        "MoveToGoal.Policy.Beta.mean": {
            "value": 0.000281990928,
            "min": 0.000281990928,
            "max": 0.004743646234999999,
            "count": 10
        },
        "MoveToGoal.Policy.Beta.sum": {
            "value": 0.00140995464,
            "min": 0.00140995464,
            "max": 0.021408756880000004,
            "count": 10
        },
        "MoveToGoal.IsTraining.mean": {
            "value": 1.0,
            "min": 1.0,
            "max": 1.0,
            "count": 10
        },
        "MoveToGoal.IsTraining.sum": {
            "value": 1.0,
            "min": 1.0,
            "max": 1.0,
            "count": 10
        }
    },
    "metadata": {
        "timer_format_version": "0.1.0",
        "start_time_seconds": "1684975782",
        "python_version": "3.8.10 (tags/v3.8.10:3d8993a, May  3 2021, 11:48:03) [MSC v.1928 64 bit (AMD64)]",
        "command_line_arguments": "C:\\Users\\andre\\OneDrive\\Documents\\RL-Unity-Project\\venv\\Scripts\\mlagents-learn --run-id=test28",
        "mlagents_version": "0.29.0",
        "mlagents_envs_version": "0.29.0",
        "communication_protocol_version": "1.5.0",
        "pytorch_version": "1.7.1+cu110",
        "numpy_version": "1.21.2",
        "end_time_seconds": "1684976161"
    },
    "total": 379.15862589999995,
    "count": 1,
    "self": 0.007407599999908143,
    "children": {
        "run_training.setup": {
            "total": 0.03224460000000007,
            "count": 1,
            "self": 0.03224460000000007
        },
        "TrainerController.start_learning": {
            "total": 379.1189737,
            "count": 1,
            "self": 0.6068974999955117,
            "children": {
                "TrainerController._reset_env": {
                    "total": 9.413331900000001,
                    "count": 1,
                    "self": 9.413331900000001
                },
                "TrainerController.advance": {
                    "total": 369.0717897000045,
                    "count": 31573,
                    "self": 0.5178646000080676,
                    "children": {
                        "env_step": {
                            "total": 260.66830069999565,
                            "count": 31573,
                            "self": 170.50079400000158,
                            "children": {
                                "SubprocessEnvManager._take_step": {
                                    "total": 89.80011189999775,
                                    "count": 31573,
                                    "self": 1.7860918999979845,
                                    "children": {
                                        "TorchPolicy.evaluate": {
                                            "total": 88.01401999999976,
                                            "count": 31288,
                                            "self": 49.73446499999558,
                                            "children": {
                                                "TorchPolicy.sample_actions": {
                                                    "total": 38.27955500000418,
                                                    "count": 31288,
                                                    "self": 38.27955500000418
                                                }
                                            }
                                        }
                                    }
                                },
                                "workers": {
                                    "total": 0.3673947999963474,
                                    "count": 31573,
                                    "self": 0.0,
                                    "children": {
                                        "worker_root": {
                                            "total": 370.9444770000012,
                                            "count": 31573,
                                            "is_parallel": true,